<?xml version="1.0" encoding="UTF-8"?>
<beans:beans xmlns="http://www.springframework.org/schema/security" xmlns:xsi="http://www.w3.org/2001/XMLSchema-instance" xmlns:beans="http://www.springframework.org/schema/beans"
    xsi:schemaLocation="
		http://www.springframework.org/schema/security 
        https://www.springframework.org/schema/security/spring-security.xsd
		http://www.springframework.org/schema/beans 
        https://www.springframework.org/schema/beans/spring-beans.xsd"
>

    <http use-expressions="true">
        <intercept-url pattern="/anonymous*" access="isAnonymous()"/>
        <intercept-url pattern="/login*" access="permitAll" requires-channel="https"/>
        <intercept-url pattern="/perform_login" requires-channel="https"/>
        <intercept-url pattern="/**" access="isAuthenticated()" requires-channel="http"/>

        <csrf disabled="true"/>

        <form-login login-page='/login.html' login-processing-url="/perform_login" default-target-url="/homepage.html" authentication-failure-url="/login.html?error=true"
            always-use-default-target="true"/>

        <logout logout-url="/perform_logout" delete-cookies="JSESSIONID" success-handler-ref="customLogoutSuccessHandler"/>

        <session-management session-fixation-protection="none"/>
    </http>

    <beans:bean name="customLogoutSuccessHandler" class="com.rslakra.springsecurity.security.CustomLogoutSuccessHandler"/>

    <authentication-manager>
        <authentication-provider>
            <user-service>
                <user name="user1" password="user1Pass" authorities="ROLE_USER"/>
                <user name="user2" password="user2Pass" authorities="ROLE_USER"/>
            </user-service>
        </authentication-provider>
    </authentication-manager>

</beans:beans>