<?xml version="1.0" encoding="UTF-8"?>
<beans:beans xmlns="http://www.springframework.org/schema/security" xmlns:xsi="http://www.w3.org/2001/XMLSchema-instance" xmlns:beans="http://www.springframework.org/schema/beans"
             xsi:schemaLocation="
		http://www.springframework.org/schema/security
        https://www.springframework.org/schema/security/spring-security.xsd
		http://www.springframework.org/schema/beans
        https://www.springframework.org/schema/beans/spring-beans.xsd"
>
    <http use-expressions="true">
        <intercept-url pattern="/login*" access="permitAll"/>
        <intercept-url pattern="/**" access="isAuthenticated()"/>

        <form-login authentication-success-handler-ref="awareAuthenticationSuccessHandler" />
    </http>

    <beans:bean class="org.springframework.security.web.authentication.SavedRequestAwareAuthenticationSuccessHandler" name="awareAuthenticationSuccessHandler"/>
    <beans:bean class="com.rslakra.springsecurity.security.RefererAuthenticationSuccessHandler" name="refererHandler"/>
    <beans:bean class="com.rslakra.springsecurity.controller.SecuredResourceController" />
    <beans:bean id ="passwordEncoder" class = "org.springframework.security.crypto.password.NoOpPasswordEncoder" factory-method = "getInstance" />

    <authentication-manager>
        <authentication-provider>
            <user-service>
                <user name="user1" password="user1Pass" authorities="ROLE_USER"/>
            </user-service>
        </authentication-provider>
    </authentication-manager>


</beans:beans>
