<?xml version="1.0" encoding="UTF-8"?>
<beans:beans xmlns="http://www.springframework.org/schema/security" xmlns:xsi="http://www.w3.org/2001/XMLSchema-instance" xmlns:beans="http://www.springframework.org/schema/beans"
    xsi:schemaLocation="
		http://www.springframework.org/schema/security 
        https://www.springframework.org/schema/security/spring-security.xsd
		http://www.springframework.org/schema/beans 
        https://www.springframework.org/schema/beans/spring-beans.xsd"
>

    <http use-expressions="true">
        <intercept-url pattern="/admin/**" access="hasRole('ROLE_ADMIN')"/>
        <intercept-url pattern="/anonymous*" access="isAnonymous()"/>
        <intercept-url pattern="/login*" access="permitAll"/>
        <intercept-url pattern="/**" access="isAuthenticated()"/>

        <csrf disabled="true"/>

        <form-login login-page='/login.html' login-processing-url="/perform_login" default-target-url="/homepage.html"
            always-use-default-target="true" authentication-failure-handler-ref="authenticationFailureHandler"/>

        <logout logout-url="/perform_logout" delete-cookies="JSESSIONID" success-handler-ref="customLogoutSuccessHandler"/>

        <!-- <access-denied-handler error-page="/accessDenied"/> -->
        <access-denied-handler ref="customAccessDeniedHandler"/>

    </http>

    <beans:bean name="customLogoutSuccessHandler" class="com.rslakra.springsecurity.security.CustomLogoutSuccessHandler"/>

    <beans:bean name="customAccessDeniedHandler" class="com.rslakra.springsecurity.security.CustomAccessDeniedHandler" />

    <beans:bean id="authenticationFailureHandler" name="customAuthenticationFaiureHandler" class="com.rslakra.springsecurity.security.CustomAuthenticationFailureHandler"/>

    <authentication-manager>
        <authentication-provider>
            <user-service>
                <user name="user1" password="user1Pass" authorities="ROLE_USER"/>
                <user name="user2" password="user2Pass" authorities="ROLE_USER"/>
                <user name="admin" password="adminPass" authorities="ROLE_ADMIN"/>
            </user-service>
        </authentication-provider>
    </authentication-manager>

</beans:beans>